student_id,department,year,gender,hostel_resident,attendance_pct,avg_grade,assignments_submitted,extracurricular_score,avg_study_hours,attendance_trend,parent_income,scholarship_status,library_visits_per_month,internet_usage_hours,sports_participation,sleep_hours,peer_interaction_score,counseling_sessions_attended
1,BIO,3,Male,No,68.73,9.7,9,7.32,3.39,Declining,36063.0,Yes,0,1.36,Yes,4.29,8.66,5
2,MATH,3,Female,Yes,80.06,8.25,7,0.21,4.88,Declining,127380.0,No,11,1.67,No,4.91,1.83,2
3,EEE,1,Male,No,65.21,7.15,10,4.32,2.16,Stable,97600.0,No,16,1.27,No,5.46,3.66,2
4,CHEM,4,Female,Yes,72.8,8.71,9,2.0,3.06,Improving,94976.0,No,13,0.76,No,7.04,1.71,0
5,MATH,4,Male,Yes,53.25,9.69,10,9.66,4.23,Improving,56123.0,Yes,5,1.04,No,7.42,4.4,0
6,MATH,1,Female,No,56.1,6.97,10,0.34,4.64,Stable,49935.0,Yes,18,4.14,Yes,5.56,5.2,1
7,EEE,1,Female,Yes,77.34,5.11,9,9.7,4.1,Stable,141832.0,No,8,5.42,Yes,6.99,9.22,3
8,EEE,3,Female,No,54.42,5.18,9,0.45,2.3,Stable,67471.0,No,12,1.99,No,8.14,3.57,4
9,ECE,4,Male,No,64.05,7.26,9,1.41,4.21,Improving,25064.0,Yes,16,5.93,No,7.86,1.99,3
10,BIO,2,Male,No,50.28,8.89,10,7.07,3.92,Stable,119121.0,Yes,10,0.91,No,5.79,1.16,4
11,CIVIL,3,Male,Yes,93.16,7.74,9,3.31,1.25,Improving,56983.0,No,2,2.29,No,7.65,6.38,2
12,CHEM,2,Female,No,94.36,6.83,5,1.2,3.85,Stable,117706.0,No,6,3.59,No,7.85,4.94,5
13,CSE,3,Male,Yes,76.14,6.57,6,0.25,1.43,Stable,19243.0,Yes,2,4.0,Yes,5.57,5.09,0
14,MATH,3,Female,Yes,95.38,5.5,9,4.1,4.02,Stable,45888.0,No,19,0.92,No,5.45,1.61,3
15,CIVIL,1,Male,Yes,96.48,8.85,8,6.33,4.49,Stable,123496.0,No,1,1.53,No,8.46,5.39,1
16,MECH,2,Male,Yes,90.37,9.38,8,3.18,1.44,Stable,45771.0,Yes,13,2.85,No,8.09,8.61,4
17,EEE,1,Male,No,50.35,7.06,9,4.17,1.89,Declining,31182.0,No,10,2.36,Yes,8.71,3.23,2
18,CSE,4,Female,No,75.94,8.22,8,3.64,4.89,Declining,144930.0,Yes,12,1.88,No,6.49,3.01,4
19,CHEM,2,Female,No,64.24,4.22,10,6.1,3.01,Stable,21950.0,Yes,12,2.03,No,8.54,2.4,0
20,BIO,1,Female,No,57.24,6.94,8,9.86,1.97,Improving,105738.0,Yes,18,4.69,Yes,5.19,7.28,3
21,MATH,2,Male,No,68.39,7.79,7,6.34,3.14,Declining,27189.0,Yes,4,5.09,Yes,5.6,1.87,5
22,CIVIL,2,Male,Yes,52.04,7.55,7,6.78,1.07,Stable,84133.0,No,4,1.75,Yes,7.23,1.74,5
23,ECE,3,Female,Yes,84.55,6.32,7,9.37,1.55,Improving,61044.0,No,9,1.12,Yes,8.62,8.77,0
24,CHEM,3,Male,Yes,62.9,7.96,9,8.17,3.22,Declining,86503.0,Yes,17,1.83,Yes,4.47,8.97,3
25,CSE,4,Male,No,95.02,7.8,5,3.39,2.4,Declining,113004.0,No,14,5.43,Yes,8.44,7.8,4
26,ECE,4,Female,No,82.1,4.5,10,1.62,4.59,Improving,96868.0,No,9,0.55,Yes,4.51,6.64,0
27,CIVIL,4,Female,No,50.25,4.96,6,5.49,3.77,Improving,103015.0,No,14,1.73,Yes,7.56,2.37,5
28,ECE,4,Female,Yes,66.27,8.48,8,6.5,4.4,Declining,103778.0,Yes,10,3.63,Yes,4.47,3.68,1
29,MECH,4,Female,Yes,63.26,5.46,6,9.73,2.57,Declining,135426.0,No,9,3.97,Yes,7.97,5.03,1
30,MATH,1,Female,Yes,78.85,6.96,9,1.95,3.89,Stable,52904.0,Yes,15,0.63,Yes,7.23,1.77,4
31,BIO,2,Female,Yes,97.02,9.72,8,9.15,2.48,Declining,17087.0,Yes,8,5.61,No,6.14,9.67,1
32,CHEM,4,Female,No,98.18,9.12,6,2.94,2.54,Improving,129903.0,No,19,2.24,Yes,4.85,5.57,1
33,CSE,4,Male,Yes,96.81,8.18,7,5.7,1.39,Improving,98026.0,Yes,8,5.95,No,4.7,5.18,1
34,CHEM,1,Male,Yes,93.87,8.44,7,6.97,3.81,Improving,63531.0,No,2,2.11,No,8.05,8.1,4
35,ECE,3,Female,Yes,93.35,9.48,5,5.11,3.01,Stable,122770.0,No,3,4.07,Yes,7.51,7.96,5
36,MECH,1,Male,No,94.5,6.03,6,3.76,1.38,Declining,93068.0,Yes,18,0.7,Yes,6.33,5.43,3
37,CHEM,1,Female,Yes,64.33,7.54,10,0.31,1.15,Stable,126051.0,Yes,13,2.48,Yes,4.64,5.22,5
38,BIO,3,Female,No,88.5,5.29,5,6.23,1.34,Improving,21977.0,No,0,3.42,No,6.7,6.37,1
39,ECE,1,Female,Yes,86.3,9.86,10,5.16,2.29,Improving,122350.0,No,20,1.99,No,6.19,0.78,2
40,CIVIL,2,Female,No,51.27,9.78,9,8.36,3.78,Improving,70209.0,No,20,1.45,No,4.78,2.5,0
41,CSE,1,Female,No,77.46,8.29,9,6.6,2.12,Stable,143907.0,No,18,4.56,No,6.77,6.12,4
42,MECH,3,Male,No,70.98,5.49,5,3.56,4.03,Declining,16943.0,Yes,8,1.14,Yes,4.23,0.41,5
43,BIO,4,Female,Yes,92.77,8.22,8,4.74,1.39,Stable,81368.0,Yes,12,3.1,No,4.87,4.34,2
44,EEE,3,Female,Yes,69.93,7.7,8,6.35,1.18,Stable,65573.0,Yes,1,3.94,No,6.52,8.56,0
45,EEE,3,Female,No,82.93,4.98,9,0.71,3.57,Stable,18579.0,No,19,3.72,Yes,8.7,5.75,1
46,CIVIL,3,Female,No,69.41,7.86,7,4.58,3.18,Improving,142098.0,Yes,20,2.62,Yes,8.81,9.05,2
47,CHEM,2,Female,Yes,59.79,4.42,8,1.01,1.07,Improving,27750.0,No,11,4.26,Yes,4.36,3.19,0
48,MECH,2,Female,Yes,92.24,4.14,8,8.14,2.13,Declining,30952.0,No,18,4.33,Yes,7.14,8.77,5
49,CSE,1,Female,No,86.75,8.82,6,2.82,1.71,Stable,116333.0,Yes,20,4.94,No,8.95,4.13,3
50,EEE,1,Male,Yes,68.6,8.66,6,3.41,4.72,Declining,130886.0,No,4,2.86,Yes,7.75,7.55,1
51,CIVIL,2,Female,Yes,55.16,9.42,10,5.05,4.31,Declining,58207.0,Yes,11,5.43,No,5.95,0.11,5
52,CIVIL,1,Female,Yes,95.27,4.55,7,3.19,4.8,Declining,143332.0,Yes,19,3.65,Yes,7.16,4.48,1
53,MECH,1,Male,No,64.66,5.97,8,6.73,4.01,Improving,121863.0,No,10,4.84,No,4.46,4.94,1
54,CHEM,3,Female,No,52.88,7.3,6,4.42,4.55,Stable,62374.0,No,11,1.14,No,4.71,7.62,5
55,CHEM,3,Male,Yes,80.91,4.61,8,0.84,3.8,Declining,24823.0,No,7,5.02,No,7.53,0.81,5
56,CIVIL,4,Female,Yes,54.24,9.92,10,3.74,2.48,Stable,124728.0,Yes,14,5.71,No,8.93,7.53,0
57,ECE,3,Female,No,68.81,4.5,7,7.77,3.23,Stable,72270.0,Yes,10,5.48,Yes,4.56,4.93,5
58,CHEM,2,Female,No,50.57,6.81,6,0.56,1.48,Stable,30866.0,No,1,4.07,Yes,7.73,5.83,2
59,BIO,2,Female,Yes,98.11,6.25,9,2.86,4.47,Stable,45185.0,Yes,14,5.8,No,4.06,9.7,0
60,MECH,3,Female,No,52.16,9.35,7,5.28,4.97,Declining,24963.0,Yes,13,3.55,Yes,8.85,5.23,0
61,CSE,4,Female,Yes,81.47,8.17,5,4.55,3.51,Declining,93882.0,No,18,5.46,Yes,4.23,2.81,4
62,EEE,2,Male,No,97.52,9.34,7,4.56,3.48,Declining,52446.0,No,5,1.53,No,6.32,3.53,5
63,BIO,1,Female,No,79.18,4.47,9,9.74,4.94,Declining,109252.0,No,2,3.45,Yes,5.55,8.14,3
64,EEE,3,Female,No,84.24,4.98,6,9.11,4.29,Stable,143223.0,No,1,4.49,Yes,7.07,4.18,4
65,EEE,4,Female,Yes,96.64,9.2,5,0.45,1.11,Improving,65823.0,No,18,4.96,Yes,8.94,1.5,2
66,ECE,2,Female,No,79.71,6.29,10,9.7,4.37,Declining,128174.0,No,10,3.08,Yes,6.07,2.73,0
67,CIVIL,2,Female,No,52.82,9.19,7,8.13,5.0,Stable,149546.0,Yes,8,3.55,Yes,7.84,9.45,5
68,CSE,3,Male,Yes,92.48,5.48,9,4.51,1.52,Declining,143797.0,Yes,18,3.83,No,5.14,6.72,2
69,ECE,1,Male,Yes,80.91,6.15,5,1.14,3.69,Stable,85242.0,No,16,4.75,No,6.6,8.52,4
70,BIO,3,Male,No,77.6,7.37,8,8.77,2.61,Stable,33092.0,No,2,0.66,No,7.78,6.2,4
71,CIVIL,4,Female,Yes,85.2,5.28,8,1.36,1.06,Improving,62329.0,No,14,3.74,Yes,5.96,4.37,1
72,MECH,4,Male,Yes,95.21,6.09,6,5.14,4.13,Stable,68533.0,No,6,3.92,No,8.31,9.5,3
73,CSE,3,Female,No,57.35,9.56,6,4.92,2.03,Stable,76983.0,No,18,5.89,Yes,6.46,3.29,3
74,MATH,4,Female,No,81.67,5.44,9,0.76,1.52,Stable,32286.0,Yes,5,1.34,No,4.69,6.41,4
75,ECE,4,Male,No,59.09,6.07,10,8.97,2.9,Stable,105120.0,No,7,1.45,No,4.96,0.41,4
76,CSE,4,Male,Yes,58.45,5.67,8,1.77,1.35,Improving,31286.0,No,14,3.03,Yes,5.03,3.64,3
77,ECE,1,Female,Yes,75.17,8.14,5,0.39,4.2,Declining,99767.0,Yes,14,0.95,Yes,8.37,9.21,0
78,MATH,3,Male,No,53.05,5.66,6,8.06,3.99,Declining,39910.0,No,4,1.65,No,5.85,4.85,5
79,CIVIL,1,Male,No,80.91,6.21,6,4.63,3.99,Improving,19952.0,Yes,9,1.89,Yes,7.57,8.95,3
80,CHEM,1,Female,No,75.58,7.19,10,1.07,2.79,Declining,86903.0,Yes,9,1.83,Yes,5.35,3.77,5
81,CSE,4,Female,Yes,51.0,5.93,9,2.11,2.31,Improving,31168.0,No,2,5.4,No,6.97,6.79,3
82,BIO,3,Female,Yes,89.46,6.99,10,0.87,3.15,Improving,94224.0,Yes,10,4.6,Yes,6.16,1.28,5
83,MATH,2,Female,Yes,64.19,6.18,6,6.46,3.28,Declining,63073.0,No,7,5.93,No,7.03,2.37,5
84,CIVIL,4,Male,Yes,55.09,4.92,7,2.46,1.64,Improving,40187.0,Yes,15,2.07,No,4.87,8.97,0
85,MECH,1,Female,No,54.01,7.15,9,4.1,4.93,Declining,30125.0,No,7,2.69,Yes,8.85,8.66,5
86,CHEM,3,Male,No,90.85,5.55,7,1.71,3.67,Declining,140466.0,Yes,19,3.56,Yes,6.86,2.8,2
87,CSE,1,Male,Yes,88.47,5.12,10,3.24,2.7,Stable,83527.0,Yes,20,1.83,Yes,4.57,6.11,3
88,MATH,4,Female,Yes,64.43,7.49,5,1.54,2.92,Declining,86900.0,No,12,0.79,No,5.68,1.34,4
89,EEE,3,Female,Yes,53.17,9.94,10,3.22,4.24,Declining,49376.0,No,10,4.25,No,7.8,5.96,1
90,EEE,3,Female,Yes,73.58,6.47,9,3.49,4.72,Declining,127134.0,No,12,5.81,No,4.62,7.31,5
91,BIO,1,Female,Yes,96.92,5.09,5,0.66,3.96,Stable,92554.0,No,7,5.13,Yes,4.7,7.95,0
92,CSE,2,Male,Yes,60.08,4.98,8,1.64,4.26,Stable,104802.0,No,8,3.38,Yes,5.79,8.77,4
93,MATH,1,Male,No,69.62,8.9,9,4.39,2.51,Stable,77462.0,No,5,2.16,Yes,7.74,5.03,2
94,BIO,2,Male,Yes,61.61,9.4,5,3.84,3.17,Stable,137374.0,Yes,3,3.93,Yes,4.58,9.4,1
95,MATH,1,Male,No,81.39,6.01,9,1.39,4.18,Declining,98710.0,Yes,1,3.43,Yes,8.47,7.89,2
96,EEE,3,Male,No,57.58,5.87,5,2.48,3.98,Improving,19527.0,Yes,6,3.63,No,7.81,8.77,0
97,ECE,2,Male,Yes,67.1,8.93,8,1.11,4.39,Improving,32211.0,Yes,9,2.69,Yes,7.99,1.5,0
98,MECH,4,Male,No,61.46,8.33,10,7.2,3.56,Stable,108683.0,Yes,3,3.48,Yes,5.26,3.46,3
99,CIVIL,3,Female,Yes,59.08,9.45,5,5.83,2.6,Stable,77371.0,Yes,6,5.71,No,4.77,5.86,1
100,MECH,3,Male,No,75.29,7.67,5,0.18,4.49,Improving,140836.0,No,10,3.61,No,7.48,9.22,2
101,CSE,4,Male,No,85.36,4.92,8,5.76,3.43,Declining,72258.0,Yes,1,4.55,Yes,8.67,9.26,2
102,CSE,3,Male,Yes,72.54,4.68,5,9.85,4.36,Declining,31829.0,No,5,5.56,No,8.35,5.19,5
103,CHEM,2,Female,Yes,79.56,6.39,6,0.55,2.34,Declining,123385.0,Yes,1,0.53,Yes,5.67,3.98,0
104,CIVIL,1,Female,No,76.87,9.52,9,3.46,2.39,Stable,114563.0,Yes,9,2.99,No,5.12,4.52,5
105,BIO,4,Female,Yes,57.04,5.06,8,4.98,2.68,Stable,138504.0,Yes,2,2.49,No,6.9,6.32,5
106,MATH,4,Male,Yes,50.65,7.98,5,1.78,4.84,Stable,35069.0,Yes,3,2.78,No,4.43,9.97,2
107,MATH,1,Male,Yes,75.11,7.57,5,0.67,4.0,Stable,43337.0,No,14,5.44,Yes,5.03,1.91,4
108,ECE,4,Female,No,51.83,6.83,5,5.65,1.26,Declining,119696.0,Yes,17,2.99,No,6.62,4.41,5
109,EEE,2,Male,Yes,70.04,7.36,5,1.55,1.73,Declining,131341.0,No,3,5.7,No,5.87,2.71,1
110,EEE,2,Female,Yes,82.2,6.45,7,0.25,1.62,Declining,111656.0,Yes,13,4.12,Yes,4.14,2.22,1
111,CSE,4,Female,No,61.55,8.03,6,0.2,1.42,Improving,122989.0,No,12,1.48,No,7.26,2.38,2
112,EEE,2,Female,No,54.97,5.46,7,7.22,4.42,Declining,127080.0,No,5,2.68,Yes,7.34,2.05,2
113,BIO,4,Female,Yes,64.66,9.38,5,0.13,1.34,Improving,43065.0,Yes,16,0.65,Yes,4.91,5.83,4
114,CHEM,4,Female,No,71.07,9.36,5,8.17,2.37,Improving,50022.0,No,6,2.59,Yes,6.95,2.68,0
115,BIO,1,Male,Yes,81.21,6.46,10,5.52,2.74,Improving,54753.0,No,16,5.72,No,7.82,1.4,4
116,CHEM,4,Male,Yes,93.42,6.92,8,8.95,4.2,Stable,72404.0,No,17,0.62,No,5.34,5.42,2
117,BIO,2,Female,Yes,81.67,5.55,7,1.39,4.34,Declining,147894.0,No,19,3.39,Yes,4.86,2.72,0
118,EEE,4,Male,Yes,50.92,9.49,9,1.18,3.31,Improving,51997.0,Yes,4,3.55,Yes,7.26,8.3,1
119,BIO,3,Male,Yes,60.32,4.07,10,1.37,4.6,Stable,132975.0,Yes,4,3.79,Yes,7.0,6.65,4
120,CIVIL,2,Female,No,58.77,9.49,6,4.19,2.53,Improving,85054.0,No,19,0.76,No,4.83,7.38,3
121,BIO,1,Female,Yes,54.14,7.62,6,2.45,2.56,Declining,53974.0,No,12,2.46,No,7.6,2.97,3
122,CIVIL,2,Female,No,78.32,6.86,8,6.64,4.75,Improving,113897.0,No,6,1.68,No,4.16,2.62,4
123,EEE,1,Male,No,79.75,4.31,7,4.96,3.39,Declining,60123.0,Yes,2,4.74,Yes,4.53,0.75,1
124,EEE,3,Male,Yes,86.41,6.97,5,6.88,2.74,Stable,48264.0,No,3,5.01,Yes,8.0,6.95,4
125,CHEM,3,Female,Yes,63.61,7.54,7,3.61,1.37,Stable,138837.0,Yes,14,1.25,No,8.75,4.46,1
126,CIVIL,2,Male,Yes,59.26,7.25,6,8.73,3.93,Declining,123886.0,No,14,4.12,No,7.46,8.49,3
127,CIVIL,4,Female,No,62.48,6.94,8,2.21,4.95,Declining,142448.0,Yes,8,0.72,No,7.53,9.25,0
128,CIVIL,4,Male,No,59.03,7.41,5,9.15,1.14,Stable,109152.0,No,20,2.14,Yes,8.62,9.71,0
129,ECE,1,Female,Yes,97.21,6.85,9,8.62,4.38,Improving,58079.0,Yes,14,5.06,No,4.19,5.96,3
130,MECH,2,Female,Yes,61.5,4.72,9,0.77,3.79,Improving,60883.0,Yes,5,4.49,No,4.33,3.15,5
131,MATH,2,Male,Yes,76.97,8.74,8,3.19,3.5,Declining,134607.0,No,20,3.89,No,5.16,0.24,1
132,EEE,1,Female,Yes,93.5,4.13,8,8.75,3.12,Declining,141774.0,Yes,20,4.89,Yes,8.99,3.51,0
133,MECH,2,Male,No,88.36,6.41,9,4.8,3.51,Improving,132946.0,No,14,5.91,Yes,7.84,4.18,0
134,CIVIL,1,Female,Yes,71.07,8.43,5,2.39,1.44,Improving,62874.0,Yes,1,2.08,Yes,5.48,2.34,0
135,MATH,3,Female,Yes,52.1,4.11,9,9.88,2.71,Stable,66884.0,Yes,20,4.24,No,5.09,9.5,4
136,MATH,4,Male,No,89.32,4.54,8,4.18,4.52,Declining,142539.0,No,0,3.07,Yes,7.07,1.67,0
137,CHEM,4,Male,No,99.56,5.39,10,9.43,3.6,Improving,97044.0,No,5,3.32,No,5.15,1.77,5
138,CSE,3,Female,Yes,61.02,5.12,7,7.8,2.4,Improving,22809.0,No,10,5.83,No,8.42,9.28,2
139,CSE,1,Female,Yes,99.75,5.04,10,3.96,4.03,Stable,108963.0,Yes,4,1.35,No,8.08,2.24,2
140,EEE,1,Female,Yes,61.19,7.22,7,5.93,3.32,Declining,27351.0,Yes,4,5.33,No,5.33,1.3,3
141,CIVIL,1,Female,No,94.44,9.73,5,8.62,4.24,Declining,103458.0,No,20,3.53,No,4.43,4.08,5
142,CIVIL,4,Female,No,68.63,5.56,6,7.23,2.98,Declining,25941.0,No,14,1.71,Yes,7.42,0.76,0
143,EEE,2,Male,Yes,92.56,6.97,6,4.81,3.37,Stable,126332.0,Yes,12,2.41,Yes,7.39,5.66,0
144,CIVIL,1,Female,Yes,63.35,9.27,10,7.97,3.63,Stable,129829.0,No,12,5.27,No,7.54,8.37,4
145,CHEM,2,Female,No,84.87,8.08,10,6.19,4.01,Declining,36412.0,Yes,11,5.34,Yes,8.36,0.29,2
146,ECE,4,Female,No,91.29,4.77,6,3.35,3.97,Declining,36703.0,Yes,19,5.0,No,8.16,5.07,3
147,MATH,4,Male,Yes,50.32,5.72,7,6.17,4.92,Improving,100295.0,Yes,5,1.93,Yes,7.17,5.4,5
148,BIO,1,Female,No,88.99,4.64,8,7.61,3.17,Declining,145004.0,Yes,14,2.38,No,7.16,9.32,0
149,BIO,1,Female,No,55.13,9.62,6,6.88,1.27,Stable,55630.0,No,16,4.39,No,4.34,5.82,5
150,MECH,4,Male,No,67.29,7.73,8,0.46,4.49,Declining,146421.0,No,15,5.83,No,7.75,1.3,1
151,MECH,1,Female,Yes,87.91,4.15,9,0.22,2.29,Stable,80967.0,No,19,4.74,Yes,7.42,4.46,4
152,EEE,2,Male,Yes,63.68,9.98,8,4.26,2.81,Stable,37089.0,No,8,4.87,Yes,7.47,2.21,3
153,MATH,1,Male,Yes,54.12,8.08,7,6.55,2.09,Stable,143367.0,Yes,13,1.33,No,6.16,9.44,5
154,MECH,1,Female,Yes,70.99,7.83,5,3.98,2.1,Declining,147837.0,No,4,2.75,Yes,8.47,2.3,0
155,BIO,2,Female,Yes,60.66,4.19,7,6.52,2.47,Improving,131688.0,Yes,19,3.1,Yes,8.84,1.86,3
156,MATH,4,Male,Yes,93.43,8.66,5,7.71,4.38,Declining,117738.0,Yes,11,3.94,Yes,4.66,0.33,2
157,EEE,4,Female,No,96.04,7.7,7,7.97,2.93,Stable,30837.0,Yes,6,1.19,Yes,7.43,4.3,0
158,CHEM,3,Male,No,60.03,6.95,5,0.64,3.33,Improving,51314.0,No,19,4.89,Yes,5.55,4.55,5
159,CIVIL,4,Female,Yes,50.58,4.43,8,3.92,2.92,Improving,96003.0,Yes,10,2.1,Yes,7.47,8.6,1
160,ECE,1,Female,No,88.99,4.24,7,4.81,1.42,Declining,47676.0,No,16,5.93,No,4.71,4.99,0
161,CIVIL,2,Female,No,80.91,8.21,6,5.6,1.04,Declining,59072.0,No,14,3.35,No,4.44,3.51,3
162,MECH,2,Female,Yes,51.66,4.47,5,3.97,1.53,Declining,91618.0,Yes,20,4.29,No,8.0,2.0,2
163,EEE,3,Male,No,58.37,4.63,10,6.36,3.83,Stable,19264.0,No,5,5.65,No,4.26,5.41,4
164,MATH,1,Female,Yes,85.45,9.23,9,7.14,4.21,Declining,60826.0,No,0,4.98,No,4.4,8.95,0
165,CIVIL,3,Male,No,77.38,8.9,5,4.52,3.57,Declining,86064.0,No,3,4.52,Yes,4.41,0.6,1
166,ECE,3,Female,No,62.36,4.96,7,8.72,1.88,Stable,146742.0,No,18,2.35,No,4.91,7.9,2
167,CHEM,4,Female,Yes,82.94,6.99,7,5.55,3.88,Declining,45841.0,Yes,7,5.98,No,8.87,6.5,0
168,MECH,3,Male,Yes,59.98,8.08,5,0.72,1.12,Declining,49787.0,No,9,3.04,No,8.34,7.27,5
169,BIO,1,Male,No,87.14,6.55,8,3.46,2.48,Declining,148333.0,No,14,0.72,No,8.34,5.79,5
170,MATH,1,Female,Yes,71.93,8.35,8,4.87,4.49,Stable,136595.0,Yes,4,2.82,Yes,5.38,5.92,5
171,EEE,1,Male,Yes,95.62,5.26,5,6.23,3.53,Stable,113970.0,No,6,1.22,Yes,7.58,9.09,0
172,MECH,4,Female,No,58.98,5.43,10,9.71,1.72,Declining,130342.0,Yes,6,3.21,No,5.24,8.71,0
173,BIO,3,Male,No,72.27,7.09,8,3.59,3.37,Improving,37076.0,No,4,2.65,No,8.85,2.58,2
174,BIO,4,Male,No,82.84,5.95,7,7.73,1.52,Declining,145926.0,Yes,8,3.0,Yes,5.18,0.73,3
175,BIO,2,Female,No,58.49,7.12,7,3.37,4.32,Declining,73170.0,No,3,1.87,No,7.09,7.07,4
176,CIVIL,3,Female,Yes,58.35,5.01,8,0.37,3.95,Improving,104614.0,Yes,8,3.11,No,8.22,8.06,3
177,ECE,2,Male,Yes,79.27,9.21,5,2.06,1.45,Improving,51416.0,Yes,8,0.81,No,6.66,9.37,1
178,CHEM,3,Female,No,51.97,4.73,9,4.52,4.74,Stable,57681.0,No,10,3.29,No,4.21,1.48,3
179,MECH,3,Female,Yes,99.33,9.79,10,0.05,4.81,Improving,101281.0,No,11,5.27,Yes,6.27,5.16,2
180,MECH,4,Male,No,74.44,8.0,10,1.4,1.12,Declining,56571.0,No,19,4.38,No,5.01,6.73,5
181,CSE,2,Female,Yes,98.5,4.56,6,6.73,2.78,Stable,132199.0,Yes,14,1.47,Yes,7.46,8.38,0
182,ECE,4,Male,Yes,97.23,8.1,7,4.97,3.47,Declining,132302.0,No,7,3.64,Yes,4.15,9.31,3
183,CSE,2,Male,No,84.48,8.06,5,2.16,3.64,Improving,68172.0,No,17,4.08,Yes,4.53,6.58,2
184,CIVIL,3,Male,No,99.97,4.29,9,9.77,2.63,Stable,132552.0,Yes,2,4.8,Yes,6.84,7.38,4
185,ECE,1,Female,No,93.93,6.42,8,3.27,3.67,Declining,124059.0,No,9,4.69,Yes,7.99,4.36,5
186,BIO,4,Male,No,90.89,4.72,10,5.44,1.02,Declining,58819.0,No,3,2.52,Yes,5.98,6.95,4
187,MECH,3,Female,Yes,69.43,6.69,10,2.38,2.49,Declining,45681.0,No,20,0.9,No,7.02,6.68,3
188,EEE,2,Female,Yes,80.97,6.78,6,3.8,4.45,Improving,85076.0,Yes,7,3.14,Yes,4.13,3.41,1
189,ECE,3,Male,No,69.01,6.39,8,5.8,3.13,Improving,97067.0,No,7,4.71,No,8.06,7.18,3
190,BIO,4,Female,No,97.78,4.11,5,1.96,1.03,Stable,102409.0,No,7,5.44,No,5.22,9.27,5
191,CIVIL,4,Male,Yes,53.01,9.61,7,3.52,1.41,Improving,80593.0,Yes,5,1.91,No,5.42,3.07,3
192,MATH,1,Male,Yes,90.15,7.23,10,3.11,3.44,Declining,111680.0,No,3,2.0,Yes,6.07,1.22,4
193,ECE,4,Female,No,59.06,8.09,10,1.81,3.1,Declining,110721.0,Yes,19,1.09,Yes,6.84,2.57,5
194,ECE,3,Female,No,98.15,6.9,7,8.06,3.2,Declining,20861.0,Yes,9,3.98,Yes,8.76,6.02,3
195,MATH,4,Male,Yes,90.96,9.31,9,2.28,1.85,Declining,97482.0,No,8,2.76,No,8.2,9.0,2
196,EEE,2,Male,Yes,67.67,5.42,7,7.81,2.1,Improving,126053.0,No,15,2.83,Yes,7.34,0.96,0
197,CIVIL,4,Male,No,81.19,6.71,5,5.87,1.67,Improving,114478.0,No,8,5.25,No,5.08,0.96,3
198,CHEM,4,Female,No,51.18,7.85,9,6.07,3.19,Stable,46313.0,Yes,8,2.65,No,6.97,4.97,4
199,MATH,3,Female,No,99.39,4.82,6,6.95,2.62,Declining,72807.0,No,8,4.45,No,7.46,9.91,0
200,BIO,4,Female,No,56.42,4.62,6,7.24,3.31,Declining,52012.0,No,18,0.94,Yes,4.43,8.94,3
201,CIVIL,2,Male,No,59.59,5.94,7,2.27,2.42,Improving,24372.0,No,10,3.35,Yes,4.34,8.0,3
202,CIVIL,3,Female,Yes,61.69,7.24,9,8.8,3.6,Stable,86949.0,Yes,14,2.28,No,5.67,6.69,1
203,EEE,2,Male,No,99.71,7.97,8,5.58,3.92,Stable,77803.0,No,5,0.83,No,6.81,9.58,0
204,EEE,2,Female,Yes,58.77,8.14,5,2.01,3.14,Declining,28051.0,No,3,2.98,Yes,7.78,3.48,4
205,MATH,3,Female,No,83.25,8.77,8,9.27,1.94,Stable,68908.0,Yes,9,1.34,Yes,8.96,9.27,3
206,MATH,1,Male,No,77.0,9.05,5,5.21,3.49,Improving,27032.0,Yes,0,4.65,No,4.64,8.26,3
207,CSE,1,Female,No,89.1,8.25,10,0.36,2.21,Improving,50520.0,Yes,19,2.48,No,4.44,9.37,1
208,MATH,2,Female,Yes,77.69,5.83,5,3.97,2.79,Declining,96080.0,No,17,3.34,No,8.6,4.97,5
209,MATH,3,Male,Yes,99.61,9.11,6,2.09,4.72,Declining,30709.0,No,3,5.0,No,5.9,8.78,2
210,CSE,3,Male,Yes,93.4,8.84,8,7.9,2.22,Stable,25924.0,Yes,8,2.72,No,4.87,6.95,0
211,ECE,3,Female,Yes,67.3,9.85,9,6.41,4.29,Stable,32891.0,No,0,5.24,No,8.61,4.87,5
212,CSE,2,Male,No,80.31,8.59,6,1.75,3.01,Declining,68820.0,Yes,0,1.31,Yes,5.84,0.68,1
213,CIVIL,3,Female,No,51.29,4.81,5,9.63,3.2,Improving,145386.0,No,16,2.88,No,5.56,5.06,1
214,CHEM,2,Male,No,71.98,4.63,5,6.41,1.86,Improving,98644.0,No,9,4.08,No,4.76,0.61,5
215,CIVIL,4,Male,Yes,89.04,6.76,7,0.58,4.98,Improving,22800.0,No,5,4.32,Yes,8.92,2.39,3
216,ECE,4,Female,Yes,57.11,4.73,6,3.03,1.4,Improving,108442.0,No,12,0.84,No,6.55,9.97,3
217,MECH,3,Female,Yes,90.7,7.69,7,3.06,3.5,Declining,86151.0,Yes,16,2.84,No,4.65,8.87,4
218,MATH,3,Female,Yes,72.49,5.17,6,3.68,2.66,Stable,126718.0,Yes,13,4.53,Yes,7.85,0.11,0
219,BIO,1,Male,Yes,70.81,6.89,9,0.19,2.04,Declining,117639.0,No,6,1.25,No,6.68,2.15,0
220,ECE,3,Male,Yes,50.61,5.45,8,9.76,4.21,Improving,144543.0,No,19,3.18,No,4.55,5.48,3
221,CIVIL,3,Female,Yes,72.72,9.07,7,0.98,2.95,Stable,35257.0,No,14,2.29,Yes,7.69,4.76,3
222,MECH,3,Female,Yes,68.79,6.37,8,4.59,4.14,Stable,135431.0,Yes,20,5.75,Yes,7.93,3.15,1
223,CIVIL,1,Male,No,84.41,6.63,8,2.55,4.36,Declining,20188.0,No,3,5.46,Yes,6.31,6.37,4
224,MECH,3,Female,No,82.97,9.37,5,6.37,3.46,Declining,23998.0,Yes,16,3.35,No,4.75,7.37,4
225,MECH,1,Female,No,75.61,8.08,7,0.42,1.34,Improving,111704.0,Yes,1,0.9,No,4.36,0.12,3
226,BIO,2,Female,No,97.83,8.43,7,3.53,2.19,Stable,62210.0,No,13,4.76,Yes,7.31,1.85,2
227,MECH,1,Female,No,58.71,4.59,6,6.6,4.06,Declining,50781.0,Yes,7,0.62,No,4.41,9.68,2
228,EEE,4,Male,Yes,64.77,8.62,7,6.25,2.53,Stable,42768.0,No,2,1.17,Yes,7.08,7.75,2
229,EEE,3,Male,Yes,82.2,7.18,9,0.42,4.87,Stable,122826.0,Yes,2,2.11,No,8.9,6.02,2
230,EEE,3,Male,Yes,79.12,8.49,10,8.12,3.63,Improving,32293.0,No,9,2.36,Yes,8.64,2.25,2
231,CIVIL,1,Female,Yes,68.61,6.59,7,4.39,3.45,Stable,142315.0,Yes,17,1.82,Yes,4.61,1.97,3
232,MECH,4,Female,Yes,94.35,7.87,8,2.86,4.26,Improving,131285.0,No,17,5.16,No,8.59,2.52,0
233,MATH,2,Female,Yes,87.75,6.76,10,8.42,3.91,Declining,119820.0,No,19,4.11,No,4.89,5.45,3
234,MECH,3,Male,No,99.23,9.62,5,0.43,1.66,Declining,32783.0,Yes,12,4.49,No,8.09,2.14,5
235,MATH,3,Male,Yes,75.29,9.04,5,7.33,3.17,Declining,94697.0,Yes,20,3.3,Yes,5.49,5.65,3
236,MATH,1,Female,Yes,84.44,9.24,7,6.36,4.04,Stable,36610.0,Yes,13,3.04,No,4.05,2.47,5
237,ECE,4,Male,Yes,86.32,9.95,5,0.99,2.61,Stable,123010.0,No,16,1.62,No,6.78,7.33,2
238,EEE,4,Male,No,80.8,5.13,7,3.55,4.14,Stable,89821.0,Yes,15,0.53,Yes,7.8,0.35,5
239,EEE,1,Female,No,87.29,5.21,10,9.58,2.47,Improving,59136.0,Yes,12,1.32,Yes,5.53,8.77,0
240,MATH,4,Female,Yes,99.82,6.21,6,4.49,3.89,Improving,134636.0,No,13,3.76,Yes,5.96,4.13,0
241,MECH,1,Female,Yes,84.78,4.02,9,6.2,2.42,Stable,122217.0,Yes,9,1.01,Yes,6.94,4.81,5
242,MECH,1,Male,Yes,82.12,4.39,5,5.8,3.25,Improving,90689.0,Yes,13,3.82,Yes,7.38,8.05,2
243,MECH,3,Female,Yes,63.49,8.95,6,4.98,1.31,Stable,22904.0,No,8,2.34,Yes,7.92,7.08,5
244,ECE,4,Male,No,89.43,7.1,7,4.4,1.59,Declining,59306.0,Yes,14,2.89,No,4.44,2.21,0
245,CIVIL,2,Male,No,79.91,8.41,10,9.98,4.73,Improving,101746.0,Yes,1,2.82,Yes,7.18,7.86,2
246,EEE,2,Female,No,55.92,6.46,8,8.4,2.54,Stable,92203.0,No,16,3.73,Yes,4.92,3.62,4
247,CIVIL,1,Male,No,66.73,4.16,5,0.24,4.33,Improving,51865.0,No,15,3.35,Yes,5.49,9.41,5
248,MATH,2,Female,Yes,62.96,6.58,8,8.73,4.37,Declining,40124.0,Yes,14,4.91,Yes,6.29,4.83,4
249,CIVIL,3,Male,No,56.67,4.48,8,7.28,2.99,Improving,73975.0,No,6,4.51,No,7.83,1.59,2
250,MATH,2,Female,Yes,80.51,4.81,6,7.51,3.63,Declining,144143.0,No,0,0.88,No,4.29,2.82,5
251,ECE,3,Female,No,63.09,5.48,7,9.06,2.0,Stable,51713.0,Yes,3,4.68,No,6.25,7.77,1
252,CHEM,2,Female,No,53.27,6.93,8,0.34,1.25,Improving,137369.0,No,12,1.27,No,6.66,4.11,0
253,CHEM,1,Female,No,67.37,9.4,5,0.22,3.66,Improving,145058.0,No,2,3.58,No,8.68,0.52,5
254,MATH,1,Female,No,70.94,5.56,5,7.31,4.93,Improving,49632.0,No,14,4.1,No,4.99,5.65,5
255,CIVIL,3,Male,No,73.2,9.83,6,6.09,2.4,Improving,30403.0,No,7,1.33,Yes,5.13,2.51,5
256,CIVIL,2,Female,Yes,92.53,7.37,6,5.23,1.46,Improving,131119.0,Yes,20,4.48,No,4.34,7.08,3
257,ECE,2,Female,No,77.18,4.49,7,4.58,2.94,Declining,37380.0,Yes,15,5.7,Yes,8.25,6.69,0
258,CSE,2,Male,Yes,73.11,6.47,5,6.51,3.18,Stable,23407.0,No,18,3.32,Yes,8.03,4.59,4
259,CHEM,4,Male,No,52.6,8.72,7,2.01,2.03,Declining,37235.0,Yes,15,2.32,No,7.78,5.19,3
260,ECE,2,Female,No,60.24,9.27,5,8.8,4.48,Declining,47237.0,Yes,6,2.98,Yes,8.92,7.72,3
261,EEE,4,Male,No,51.36,4.39,7,4.64,4.64,Improving,87725.0,No,2,3.24,Yes,4.53,6.57,4
262,MATH,4,Male,No,91.11,6.28,9,7.76,4.86,Declining,42508.0,Yes,2,3.38,Yes,5.44,7.93,2
263,MATH,4,Male,No,78.88,7.81,9,7.98,2.58,Improving,138537.0,Yes,3,3.43,No,4.79,6.96,5
264,EEE,3,Female,No,89.66,5.9,8,8.57,4.62,Stable,52382.0,No,8,5.91,Yes,4.7,2.02,3
265,BIO,3,Female,No,59.21,9.36,8,6.54,1.61,Improving,74444.0,No,6,3.88,No,4.42,8.82,1
266,CSE,1,Male,No,90.18,7.03,7,9.67,2.67,Declining,147855.0,Yes,3,4.17,No,7.17,1.66,3
267,MECH,4,Female,No,94.1,6.56,6,1.62,1.05,Improving,90567.0,No,18,3.4,No,7.6,8.9,3
268,MATH,3,Female,No,53.97,8.39,6,1.87,4.43,Declining,125574.0,Yes,13,3.47,Yes,7.55,3.14,4
269,MECH,3,Female,Yes,73.56,8.93,5,4.59,2.43,Improving,81719.0,Yes,0,5.06,No,5.68,1.74,1
270,MATH,2,Male,No,85.6,8.96,5,1.01,1.96,Declining,34166.0,Yes,2,2.41,Yes,6.25,7.49,4
271,BIO,4,Female,No,82.56,7.73,7,3.52,4.37,Declining,78624.0,Yes,15,5.89,No,7.17,1.26,3
272,CIVIL,1,Male,Yes,83.81,5.95,9,6.86,1.28,Stable,38609.0,No,13,5.21,No,5.14,8.37,5
273,CIVIL,2,Male,Yes,63.96,7.86,9,6.94,3.05,Stable,56217.0,No,16,1.67,No,4.17,3.04,5
274,EEE,3,Male,No,82.66,9.63,8,8.71,4.06,Declining,121440.0,No,6,4.16,No,5.3,9.07,0
275,BIO,1,Male,Yes,83.54,7.36,8,1.11,2.79,Declining,77148.0,Yes,1,5.26,No,6.73,3.8,1
276,BIO,2,Male,Yes,98.84,4.66,10,4.23,1.17,Improving,114887.0,No,7,5.55,Yes,5.4,8.58,4
277,MECH,2,Male,No,64.61,9.46,6,7.54,4.22,Declining,17431.0,Yes,16,5.8,No,7.63,3.05,0
278,EEE,3,Female,No,91.47,5.69,9,8.73,1.45,Declining,109998.0,Yes,18,3.47,No,4.48,2.42,3
279,EEE,4,Female,Yes,50.62,6.81,7,3.01,3.39,Stable,55127.0,Yes,19,2.15,Yes,7.72,0.48,2
280,CIVIL,3,Female,Yes,95.14,9.11,8,6.68,3.37,Improving,135461.0,No,15,1.52,Yes,4.39,2.4,0
281,MECH,2,Female,No,89.73,4.21,10,5.83,4.98,Stable,130519.0,No,3,3.37,Yes,4.32,8.31,2
282,CIVIL,4,Male,Yes,79.95,4.69,7,0.94,4.64,Stable,105342.0,No,18,5.06,No,8.39,5.72,1
283,EEE,4,Female,Yes,75.87,6.58,7,3.17,2.74,Declining,119474.0,Yes,12,3.81,Yes,8.46,4.43,3
284,CSE,4,Male,Yes,80.35,7.79,6,5.92,3.81,Improving,47054.0,Yes,0,3.32,Yes,4.52,3.85,5
285,MATH,2,Female,Yes,74.38,7.91,8,9.51,3.4,Stable,115385.0,Yes,15,3.28,Yes,7.17,0.71,5
286,MECH,4,Female,No,62.72,6.17,9,4.72,1.18,Declining,33903.0,No,14,2.02,Yes,8.86,3.31,1
287,MATH,3,Female,No,74.1,5.18,5,6.11,2.12,Declining,42944.0,Yes,15,3.34,No,4.03,0.08,5
288,MATH,2,Female,No,60.95,4.22,7,1.08,2.36,Improving,123349.0,Yes,13,3.65,No,6.56,2.93,0
289,MECH,1,Female,No,96.59,6.38,8,0.87,3.47,Declining,30368.0,No,13,2.4,Yes,6.54,8.74,1
290,EEE,2,Female,Yes,74.68,8.21,10,9.93,1.53,Declining,52089.0,Yes,19,2.67,Yes,6.11,4.11,5
291,BIO,1,Female,Yes,95.38,8.28,7,6.08,2.24,Stable,126212.0,No,18,5.75,No,8.11,0.02,5
292,EEE,3,Female,Yes,81.82,4.31,5,2.58,1.24,Declining,96512.0,Yes,7,4.28,No,4.57,3.84,0
293,CHEM,4,Male,No,72.81,6.21,7,1.21,2.68,Declining,116409.0,Yes,17,0.89,No,4.4,3.55,5
294,BIO,2,Male,No,97.09,8.01,10,6.79,2.45,Stable,95144.0,No,14,0.56,Yes,7.18,9.13,5
295,CHEM,3,Female,Yes,80.63,9.24,5,7.24,1.48,Declining,136831.0,Yes,1,0.87,No,6.67,1.42,3
296,CSE,4,Female,Yes,50.59,6.53,8,2.95,2.94,Improving,92922.0,No,6,0.74,No,4.62,5.59,0
297,BIO,1,Male,No,67.16,8.38,5,6.52,4.38,Declining,108487.0,Yes,19,2.86,No,7.36,2.75,5
298,ECE,3,Female,No,65.32,8.73,6,4.46,4.19,Stable,126027.0,Yes,1,5.22,No,8.58,4.31,1
299,BIO,2,Male,Yes,65.94,7.49,5,3.71,3.4,Improving,110254.0,No,4,4.29,No,5.87,1.67,2
300,CIVIL,2,Female,No,71.53,4.86,7,8.9,2.38,Stable,35852.0,No,7,0.64,No,7.23,6.37,5
301,ECE,3,Female,Yes,67.03,4.43,8,4.1,2.24,Declining,106411.0,No,5,3.83,No,5.82,2.18,4
302,ECE,3,Male,No,99.4,6.72,5,6.88,1.56,Declining,80555.0,No,4,0.65,Yes,6.53,9.64,4
303,MECH,3,Male,Yes,69.21,4.23,7,0.31,2.55,Declining,36603.0,Yes,0,0.63,No,7.78,4.59,4
304,BIO,1,Female,No,64.46,9.4,8,1.16,4.82,Declining,57386.0,No,11,5.39,No,7.01,8.27,3
305,CIVIL,3,Female,Yes,99.2,5.73,8,9.61,2.56,Declining,67044.0,No,15,2.37,Yes,6.71,1.54,2
306,CIVIL,2,Female,No,77.69,7.25,10,7.62,4.33,Stable,74460.0,Yes,1,2.16,No,5.3,1.95,2
307,CHEM,2,Female,No,52.88,6.05,5,2.7,4.87,Declining,90291.0,No,11,2.41,Yes,6.9,1.39,3
308,CSE,1,Male,No,72.2,7.76,9,4.89,2.61,Improving,149170.0,Yes,12,5.34,No,7.12,5.69,5
309,CIVIL,1,Female,No,81.03,5.21,5,3.95,1.16,Stable,79199.0,No,3,3.49,No,5.14,9.64,4
310,MATH,4,Female,Yes,95.47,8.33,6,5.33,4.48,Declining,32638.0,No,6,4.85,Yes,4.62,7.94,3
311,CSE,3,Female,No,63.79,9.26,9,9.44,1.6,Stable,77461.0,No,6,5.9,No,6.42,8.64,0
312,BIO,2,Male,Yes,79.44,6.25,10,2.86,1.81,Improving,117843.0,Yes,18,2.63,No,6.56,4.92,1
313,ECE,3,Male,Yes,78.86,9.19,7,9.81,2.63,Declining,126715.0,Yes,1,4.7,Yes,6.87,9.56,3
314,CIVIL,2,Male,Yes,60.02,4.66,8,8.54,2.76,Declining,129341.0,No,8,5.41,Yes,4.31,8.83,5
315,ECE,4,Male,Yes,72.42,7.06,5,6.27,4.71,Stable,17581.0,Yes,12,3.12,Yes,7.44,7.23,2
316,CSE,3,Male,Yes,84.63,4.81,8,2.99,2.43,Stable,123599.0,Yes,9,2.03,Yes,5.05,9.57,0
317,BIO,4,Male,No,50.44,9.99,6,6.77,4.31,Declining,54774.0,Yes,8,0.58,No,7.69,8.34,2
318,BIO,1,Female,Yes,87.02,4.86,7,7.53,4.08,Declining,103903.0,Yes,10,4.71,No,8.23,6.14,2
319,CSE,3,Female,Yes,54.43,6.93,9,0.78,2.63,Declining,69959.0,No,5,0.86,Yes,5.74,1.11,5
320,ECE,4,Male,No,90.41,9.69,6,0.72,4.82,Improving,85548.0,No,3,2.15,Yes,4.38,5.01,0
321,ECE,3,Male,Yes,89.73,8.24,6,0.5,1.29,Improving,69388.0,Yes,13,2.12,No,5.16,2.81,0
322,CSE,2,Female,No,90.17,9.58,7,4.05,4.62,Stable,58402.0,Yes,7,3.12,No,5.13,6.4,4
323,CSE,3,Male,Yes,98.95,7.62,6,3.58,3.59,Stable,31594.0,No,2,5.39,Yes,6.52,4.49,3
324,CIVIL,2,Female,Yes,79.29,7.75,10,0.72,3.73,Stable,47661.0,No,17,4.43,No,8.11,8.04,1
325,MATH,4,Male,Yes,77.63,7.12,5,1.43,4.1,Improving,51640.0,Yes,18,3.23,No,5.42,1.34,1
326,ECE,2,Male,Yes,81.48,4.33,9,7.49,2.27,Declining,15018.0,No,14,3.31,No,4.23,2.76,4
327,CIVIL,3,Female,No,85.35,4.38,9,8.39,1.02,Declining,48321.0,No,1,4.57,Yes,5.58,1.02,0
328,CHEM,4,Male,Yes,68.01,5.62,5,8.43,2.25,Improving,121506.0,No,14,5.41,No,6.17,9.1,4
329,MATH,1,Male,Yes,68.87,9.78,6,0.89,3.75,Stable,81665.0,No,1,2.63,No,7.16,7.04,0
330,EEE,1,Female,Yes,50.22,5.0,7,7.13,3.67,Declining,145416.0,No,4,4.69,Yes,8.75,7.03,5
331,CHEM,3,Female,Yes,64.9,4.63,5,7.82,3.58,Improving,21505.0,No,9,2.48,Yes,8.78,5.0,0
332,EEE,3,Female,Yes,71.64,6.75,6,2.09,2.47,Improving,64925.0,Yes,3,0.79,Yes,7.84,4.17,5
333,CIVIL,1,Male,Yes,91.11,9.1,6,2.12,3.63,Declining,78758.0,No,16,5.34,No,5.08,6.78,3
334,ECE,2,Female,No,80.39,5.77,9,1.37,3.61,Stable,114711.0,No,17,2.24,Yes,7.22,3.95,3
335,BIO,2,Female,No,85.66,5.2,10,8.9,2.15,Improving,64651.0,Yes,8,0.82,Yes,4.56,5.16,4
336,ECE,2,Female,No,63.38,9.01,9,0.15,2.52,Improving,60542.0,No,10,0.61,Yes,4.62,4.14,4
337,MATH,2,Male,Yes,74.64,6.43,7,5.31,3.38,Stable,16340.0,Yes,2,3.05,No,8.82,5.19,5
338,EEE,4,Male,Yes,83.88,5.87,9,7.74,4.09,Stable,85375.0,Yes,17,5.87,No,4.63,0.17,0
339,MECH,1,Female,No,88.51,8.84,5,1.2,2.06,Stable,17370.0,Yes,20,2.11,No,7.87,5.18,1
340,MATH,3,Female,Yes,67.4,6.23,7,0.01,2.2,Stable,102272.0,No,2,5.86,Yes,8.24,0.24,3
341,EEE,4,Female,Yes,94.93,8.7,10,7.8,2.83,Declining,68731.0,No,10,2.17,Yes,4.33,2.28,1
342,CIVIL,3,Female,No,62.33,6.9,6,7.47,2.9,Stable,22809.0,Yes,19,5.77,Yes,8.71,7.85,2
343,MECH,3,Male,No,99.57,7.27,7,9.63,1.3,Improving,64367.0,No,5,1.74,No,4.98,1.41,4
344,MATH,1,Male,Yes,81.12,8.69,6,5.78,1.59,Declining,124502.0,Yes,12,4.0,Yes,5.94,6.74,2
345,BIO,1,Female,Yes,63.0,6.07,5,9.17,2.16,Improving,78448.0,No,20,5.4,Yes,7.54,0.62,2
346,BIO,1,Female,Yes,57.37,4.05,9,6.31,2.79,Improving,33127.0,Yes,3,5.77,No,6.65,2.42,1
347,BIO,4,Male,Yes,75.03,8.08,8,0.76,2.1,Stable,123940.0,No,12,3.03,Yes,6.73,4.33,5
348,MECH,4,Male,No,52.19,4.99,8,4.46,1.84,Stable,21747.0,Yes,5,5.14,Yes,8.91,7.93,0
349,MECH,1,Male,No,92.69,5.45,6,9.61,1.79,Improving,143443.0,Yes,12,5.97,No,7.56,9.81,1
350,CSE,3,Female,No,78.48,5.56,5,4.37,3.37,Improving,24866.0,No,6,3.92,No,8.91,1.9,5
351,MECH,2,Male,No,89.63,9.45,7,9.44,4.84,Stable,85397.0,No,9,5.88,Yes,7.79,1.62,5
352,CIVIL,2,Female,Yes,73.85,8.31,9,2.47,3.56,Stable,104991.0,No,19,1.39,Yes,6.83,7.72,5
353,CSE,3,Female,No,74.94,4.07,7,0.09,2.43,Stable,140036.0,Yes,12,1.76,Yes,7.17,2.22,5
354,BIO,4,Male,No,66.08,9.09,7,7.29,1.38,Stable,72875.0,No,5,0.66,No,6.4,6.62,3
355,CSE,2,Female,Yes,55.93,5.73,10,3.98,4.68,Improving,149089.0,No,13,0.75,No,7.81,3.72,3
356,CIVIL,3,Male,Yes,69.62,8.53,8,9.18,4.8,Improving,92912.0,Yes,10,2.46,Yes,7.94,2.51,1
357,CHEM,1,Male,No,78.2,6.15,10,6.57,1.96,Improving,40865.0,Yes,2,5.55,No,4.51,5.06,2
358,BIO,2,Female,No,61.04,4.23,9,0.36,1.7,Improving,132014.0,No,7,2.05,No,8.75,5.82,1
359,CHEM,1,Female,No,71.83,7.48,10,5.17,4.04,Declining,53137.0,No,1,2.44,Yes,8.47,9.46,3
360,MATH,2,Female,Yes,94.63,6.52,6,7.8,2.91,Improving,82168.0,No,18,1.63,Yes,6.96,1.86,4
361,ECE,2,Male,No,66.58,9.13,7,2.07,1.28,Declining,24316.0,Yes,9,5.67,Yes,6.53,4.09,1
362,CIVIL,4,Male,No,90.54,9.01,5,3.32,3.77,Stable,119102.0,Yes,7,4.1,Yes,4.76,8.76,5
363,CHEM,3,Female,No,76.95,5.69,6,4.25,1.15,Improving,32262.0,Yes,20,4.71,Yes,4.0,4.17,3
364,CIVIL,1,Male,No,76.13,4.33,9,9.73,1.9,Stable,56067.0,No,8,2.17,Yes,5.15,0.01,5
365,CSE,1,Female,No,86.47,9.8,7,2.24,3.65,Improving,115156.0,No,2,5.17,Yes,6.11,3.03,3
366,CIVIL,1,Female,Yes,66.26,8.28,5,8.17,1.73,Improving,65077.0,No,12,5.46,No,8.03,9.85,2
367,EEE,1,Female,Yes,87.71,6.36,5,5.91,3.64,Stable,25592.0,No,18,3.49,Yes,7.55,1.67,2
368,CIVIL,3,Female,No,89.03,7.5,9,9.52,1.17,Stable,50819.0,Yes,12,3.81,Yes,5.48,7.14,4
369,MECH,1,Female,No,87.95,4.62,5,5.14,3.04,Stable,64853.0,No,9,5.63,Yes,8.14,6.97,5
370,EEE,2,Female,No,85.72,6.77,6,9.21,3.78,Improving,113412.0,Yes,12,5.24,Yes,5.37,8.07,2
371,MATH,1,Female,No,59.76,6.07,8,3.36,4.91,Stable,130633.0,Yes,17,4.36,Yes,7.64,5.62,2
372,CIVIL,2,Female,No,97.35,6.98,7,3.81,1.65,Declining,121138.0,Yes,19,4.54,No,5.92,0.25,4
373,MATH,4,Female,Yes,91.95,4.07,7,7.04,4.88,Stable,74084.0,No,17,1.79,No,7.52,8.17,4
374,MATH,1,Male,No,77.32,9.8,10,0.52,3.02,Improving,111991.0,Yes,19,5.24,No,4.9,8.0,3
375,CHEM,4,Male,No,77.64,6.38,8,1.32,4.46,Stable,36232.0,No,20,2.2,Yes,5.45,8.71,2
376,CHEM,4,Female,No,83.64,8.78,9,2.5,3.5,Declining,92186.0,No,16,5.08,No,8.53,0.12,5
377,ECE,2,Female,No,83.7,4.31,6,5.49,2.15,Improving,56415.0,No,15,2.44,Yes,7.11,3.34,5
378,MATH,1,Female,Yes,86.63,6.43,7,0.68,4.14,Improving,53577.0,No,8,2.88,Yes,7.43,3.32,1
379,CIVIL,3,Male,Yes,52.83,6.24,10,9.44,3.57,Improving,105650.0,Yes,2,3.98,Yes,4.99,4.18,2
380,CIVIL,4,Female,No,87.55,4.61,9,2.78,2.11,Stable,73323.0,Yes,6,5.89,No,4.34,5.19,1
381,CSE,3,Male,No,58.97,9.82,9,1.13,2.61,Improving,114614.0,Yes,7,4.38,No,6.11,3.47,5
382,MATH,2,Female,No,69.88,5.59,7,2.05,2.93,Stable,51252.0,No,0,2.08,Yes,7.28,9.69,3
383,EEE,1,Male,Yes,80.18,4.46,8,0.76,4.81,Declining,55134.0,Yes,2,1.01,No,7.0,6.24,1
384,ECE,1,Male,No,82.43,5.6,9,0.15,4.86,Declining,48871.0,No,5,4.22,Yes,7.53,6.1,1
385,ECE,1,Male,No,65.65,5.63,7,5.98,4.46,Declining,142809.0,Yes,1,1.08,Yes,4.77,9.45,2
386,ECE,2,Male,Yes,86.83,9.3,8,2.03,3.35,Stable,109654.0,Yes,12,4.24,Yes,6.04,0.15,2
387,EEE,1,Female,No,79.15,5.52,8,4.5,4.83,Improving,68870.0,Yes,16,5.12,No,4.94,6.72,0
388,ECE,2,Female,No,98.85,4.61,7,0.08,2.73,Improving,27504.0,No,7,4.62,No,8.57,4.34,0
389,CSE,2,Female,Yes,62.94,6.61,10,7.23,1.04,Improving,94576.0,No,3,3.87,Yes,7.19,2.42,4
390,ECE,1,Male,Yes,85.7,4.55,8,1.99,4.51,Stable,114728.0,No,4,0.58,Yes,5.24,2.14,1
391,MECH,3,Male,Yes,63.54,5.49,7,0.63,2.84,Stable,113919.0,Yes,0,3.84,Yes,7.36,0.81,4
392,CIVIL,2,Female,No,97.57,9.03,5,8.05,4.29,Declining,140916.0,Yes,9,3.49,No,5.0,6.17,3
393,EEE,4,Male,Yes,87.14,8.43,8,5.21,1.27,Declining,65100.0,Yes,2,5.56,No,6.92,5.38,1
394,CHEM,1,Female,No,63.44,6.21,7,8.95,3.67,Stable,121297.0,No,16,3.0,Yes,7.15,2.48,5
395,CHEM,3,Male,No,85.27,6.57,7,4.43,3.6,Declining,141398.0,No,14,0.85,No,8.12,2.92,2
396,CHEM,2,Female,No,72.2,4.13,8,3.01,3.01,Stable,22584.0,Yes,14,3.2,Yes,8.64,1.05,4
397,MECH,2,Female,No,88.22,6.46,6,6.55,2.04,Improving,36531.0,Yes,16,1.38,Yes,4.35,1.86,4
398,EEE,4,Male,Yes,83.21,9.29,7,8.14,3.74,Declining,29908.0,No,0,2.09,Yes,5.55,2.5,5
399,CHEM,1,Female,Yes,75.75,7.21,10,3.57,2.42,Declining,126855.0,No,8,4.84,No,5.54,9.14,0
400,CSE,3,Male,No,97.64,5.96,9,3.54,3.02,Stable,142051.0,Yes,11,5.32,Yes,4.51,3.93,3
401,BIO,2,Male,Yes,77.67,7.02,10,1.94,4.44,Improving,106387.0,No,0,5.11,Yes,8.29,7.48,5
402,BIO,1,Female,Yes,71.96,7.66,5,1.6,3.69,Declining,39199.0,Yes,18,4.32,No,5.15,1.18,3
403,MATH,2,Male,Yes,58.26,4.01,5,7.19,3.93,Improving,84516.0,Yes,20,1.39,No,4.42,0.19,5
404,CHEM,3,Female,Yes,58.29,9.35,8,2.42,2.42,Declining,29222.0,No,19,1.72,Yes,6.6,6.08,4
405,ECE,1,Male,Yes,62.27,4.35,8,3.91,1.94,Stable,44640.0,No,9,5.78,No,7.08,5.57,0
406,CHEM,1,Female,Yes,70.79,6.57,8,5.41,3.79,Stable,109790.0,No,11,1.44,Yes,6.5,4.12,4
407,CSE,3,Male,No,93.53,7.79,6,5.33,1.46,Improving,96761.0,No,20,1.14,Yes,5.69,1.43,4
408,MATH,2,Male,No,84.6,5.24,9,3.92,4.58,Stable,42583.0,Yes,9,3.29,No,6.1,0.18,5
409,MECH,4,Male,Yes,89.64,4.41,7,4.74,3.24,Stable,99838.0,Yes,5,4.29,No,5.27,0.1,0
410,MATH,4,Female,No,86.17,7.21,8,8.36,4.29,Improving,128849.0,Yes,1,3.17,Yes,5.67,7.92,1
411,MECH,2,Female,Yes,72.56,5.1,10,8.55,4.53,Declining,77952.0,Yes,1,0.92,Yes,5.94,8.04,2
412,ECE,2,Female,No,95.09,5.22,5,0.67,4.51,Improving,67570.0,Yes,15,3.48,No,8.84,0.67,0
413,CHEM,4,Male,Yes,82.42,4.44,5,3.75,4.22,Improving,73519.0,No,16,5.98,No,6.8,3.21,4
414,MECH,1,Female,No,61.01,6.1,9,3.73,1.27,Declining,64893.0,No,6,3.05,Yes,7.61,6.57,2
415,BIO,1,Male,Yes,85.44,4.05,8,2.18,3.65,Declining,80339.0,No,0,0.53,No,8.02,7.73,5
416,MATH,2,Male,No,77.42,4.4,10,7.67,3.33,Improving,120565.0,No,4,4.63,No,8.02,5.18,1
417,CSE,2,Female,Yes,57.02,8.03,7,6.2,3.97,Improving,37934.0,Yes,6,1.57,Yes,8.45,7.5,1
418,CIVIL,4,Male,No,95.41,8.55,10,5.97,3.62,Declining,135032.0,Yes,16,3.68,Yes,7.16,1.56,0
419,CHEM,2,Female,Yes,73.7,8.3,5,2.71,1.81,Stable,57367.0,No,7,1.83,No,5.07,4.25,0
420,CSE,4,Female,Yes,95.39,7.04,5,1.88,1.31,Stable,108981.0,No,3,2.61,No,8.11,6.6,5
421,BIO,3,Female,No,89.81,5.63,8,6.92,2.06,Improving,141774.0,Yes,14,4.0,Yes,5.62,2.7,5
422,BIO,2,Female,Yes,59.55,8.17,5,2.19,3.38,Stable,50726.0,Yes,1,4.14,No,8.07,7.78,0
423,MECH,1,Male,Yes,88.04,5.13,8,0.88,3.8,Stable,64727.0,No,19,2.88,Yes,4.16,2.6,2
424,CIVIL,1,Female,No,51.68,9.28,10,2.43,3.23,Stable,20262.0,No,10,4.17,Yes,5.62,8.98,0
425,CSE,2,Female,Yes,94.41,5.95,9,9.01,4.98,Improving,126431.0,Yes,20,5.15,Yes,5.25,5.77,3
426,EEE,2,Female,Yes,53.36,4.57,6,9.99,2.31,Stable,116005.0,Yes,6,4.94,Yes,8.29,9.98,0
427,MECH,4,Female,No,62.07,4.24,10,4.11,1.52,Improving,18027.0,No,2,2.48,No,7.92,5.66,4
428,EEE,3,Male,Yes,65.64,7.93,9,2.32,1.06,Declining,118188.0,Yes,6,3.93,No,7.81,0.39,5
429,MECH,2,Male,Yes,91.86,7.72,9,5.63,3.5,Stable,131698.0,Yes,19,3.73,Yes,6.9,9.91,1
430,BIO,1,Female,Yes,87.84,6.65,5,7.07,2.56,Declining,45898.0,No,2,3.78,Yes,8.64,9.29,3
431,CHEM,2,Female,No,67.1,7.17,7,2.12,4.98,Improving,147451.0,No,9,4.07,No,8.02,7.15,4
432,ECE,3,Female,No,79.66,4.32,5,4.55,3.7,Improving,106467.0,Yes,0,2.55,Yes,8.71,1.67,0
433,MATH,2,Male,No,75.02,8.15,10,6.97,3.59,Declining,52164.0,Yes,9,1.36,Yes,7.18,5.99,0
434,EEE,2,Male,No,58.97,8.23,10,4.55,3.67,Declining,128045.0,Yes,14,1.43,Yes,4.1,7.79,3
435,CIVIL,1,Female,Yes,80.48,8.2,10,8.38,4.21,Declining,144724.0,Yes,14,3.45,Yes,6.44,4.02,0
436,CIVIL,2,Female,No,57.68,7.44,9,2.77,4.69,Stable,93731.0,No,4,3.76,No,5.77,0.52,2
437,MECH,4,Female,No,51.59,6.54,6,0.85,3.43,Improving,133931.0,No,16,5.36,Yes,7.3,2.11,4
438,EEE,3,Female,No,93.15,9.32,9,1.97,3.95,Improving,53680.0,Yes,9,4.91,No,8.99,0.3,1
439,CIVIL,4,Female,No,94.87,7.74,10,9.73,2.86,Declining,129397.0,Yes,20,0.84,No,5.68,0.67,4
440,BIO,3,Female,No,98.77,8.9,7,8.53,4.75,Improving,26489.0,Yes,17,2.62,Yes,4.36,2.11,5
441,CIVIL,3,Female,Yes,61.47,6.81,10,2.69,1.4,Declining,37611.0,No,20,1.31,No,8.87,7.59,5
442,CHEM,2,Male,No,98.39,6.64,6,2.78,4.19,Stable,59044.0,No,5,2.15,Yes,5.16,1.3,4
443,CHEM,2,Female,Yes,62.82,6.13,9,6.74,1.25,Improving,43418.0,No,1,4.95,No,4.73,3.43,5
444,CIVIL,1,Male,Yes,93.23,4.93,6,0.83,2.94,Stable,55827.0,No,11,3.6,Yes,8.02,1.37,3
445,MATH,4,Male,Yes,79.03,7.03,10,1.44,3.5,Declining,51941.0,No,9,3.18,Yes,4.41,4.6,2
446,EEE,2,Male,No,65.32,8.93,8,0.57,2.67,Improving,76888.0,No,16,4.49,No,6.87,6.67,2
447,MECH,3,Female,No,88.85,9.17,9,3.14,3.15,Declining,128415.0,No,19,5.94,No,8.45,3.71,4
448,EEE,1,Female,No,59.76,6.94,8,7.42,2.97,Declining,80229.0,No,19,5.11,Yes,5.81,8.6,1
449,MATH,4,Male,Yes,70.34,5.97,7,4.54,4.05,Declining,32010.0,Yes,17,1.58,No,8.76,1.75,2
450,EEE,3,Female,Yes,78.39,7.48,5,4.9,3.58,Improving,46027.0,No,18,3.54,Yes,5.86,6.62,5
451,EEE,1,Male,Yes,57.06,7.43,10,1.85,2.11,Improving,44526.0,Yes,15,1.51,No,8.13,2.86,5
452,CIVIL,4,Male,No,96.36,9.82,9,5.71,1.57,Stable,65564.0,No,15,4.89,Yes,5.84,0.87,2
453,BIO,3,Female,Yes,77.84,9.07,5,7.96,1.7,Stable,105823.0,Yes,17,1.71,Yes,5.09,8.74,1
454,ECE,1,Female,Yes,62.48,5.58,8,0.01,4.48,Stable,122000.0,No,19,3.95,No,7.75,1.52,3
455,CIVIL,1,Female,Yes,72.92,6.11,6,0.94,2.94,Stable,139300.0,Yes,16,0.72,No,5.46,2.08,5
456,CHEM,2,Female,No,61.91,9.45,6,4.68,2.87,Stable,117678.0,No,5,1.35,No,6.44,4.3,0
457,BIO,1,Male,Yes,79.85,10.0,9,7.69,2.59,Stable,126720.0,No,3,1.44,Yes,4.15,2.04,4
458,ECE,3,Male,Yes,67.02,7.06,7,6.15,4.64,Improving,83830.0,No,15,3.26,Yes,4.25,0.35,1
459,MATH,1,Male,No,77.56,6.63,9,8.39,1.64,Stable,18371.0,No,20,2.97,Yes,5.19,0.5,3
460,MECH,4,Male,Yes,86.23,4.67,7,6.08,2.12,Stable,38422.0,Yes,20,2.59,Yes,8.01,3.92,5
461,MATH,3,Female,Yes,87.54,4.75,9,7.73,1.95,Improving,106448.0,No,16,3.61,Yes,8.65,3.87,4
462,CIVIL,3,Female,Yes,53.31,4.11,9,8.27,3.1,Declining,119658.0,Yes,19,1.79,No,5.73,0.3,5
463,CHEM,4,Male,Yes,98.07,8.01,6,9.33,2.06,Improving,97548.0,Yes,15,4.23,Yes,5.59,8.48,4
464,MATH,3,Male,Yes,97.36,9.31,10,7.39,2.11,Stable,53018.0,No,0,5.8,Yes,4.05,7.16,5
465,BIO,3,Female,Yes,85.31,7.74,10,9.9,2.25,Stable,60896.0,Yes,12,0.93,Yes,6.21,2.61,4
466,CHEM,4,Male,Yes,67.17,9.01,7,9.35,1.74,Stable,65289.0,Yes,20,5.61,No,4.31,0.92,4
467,MATH,2,Female,No,58.14,7.57,7,1.5,4.87,Improving,75306.0,No,19,3.26,No,5.23,4.71,0
468,EEE,1,Male,No,83.1,8.51,7,7.54,3.31,Declining,137089.0,Yes,2,5.0,No,7.79,0.56,2
469,MECH,2,Male,No,50.34,5.27,8,6.64,2.64,Stable,69325.0,No,3,5.37,No,8.48,9.09,3
470,CHEM,2,Male,No,65.69,8.15,10,2.72,1.76,Declining,39925.0,No,18,2.38,Yes,6.15,8.31,0
471,BIO,3,Female,No,55.99,8.41,8,5.31,2.15,Declining,81531.0,No,14,2.15,No,6.98,4.34,5
472,ECE,4,Female,Yes,58.22,4.7,7,5.47,4.61,Declining,61434.0,No,7,4.53,Yes,7.29,9.32,1
473,CHEM,1,Male,No,91.05,7.4,8,6.57,4.59,Improving,68935.0,No,11,2.3,No,4.05,8.27,3
474,BIO,4,Female,Yes,90.05,4.63,6,5.77,2.86,Stable,31026.0,Yes,12,5.89,No,5.07,0.67,2
475,EEE,2,Male,No,79.74,8.43,6,0.32,3.63,Declining,86859.0,No,11,1.07,No,4.86,5.68,4
476,ECE,3,Female,No,64.82,9.63,5,8.19,4.93,Stable,50056.0,No,20,5.83,Yes,6.16,3.48,5
477,ECE,3,Male,No,52.52,4.32,9,6.92,2.83,Declining,45580.0,No,20,3.88,Yes,5.26,5.78,0
478,EEE,4,Male,No,67.96,8.94,5,8.21,2.91,Declining,62361.0,No,20,2.49,No,8.03,3.28,0
479,CHEM,1,Female,Yes,60.45,4.51,6,4.67,2.93,Declining,128523.0,No,6,1.72,Yes,5.9,8.08,0
480,MATH,4,Male,Yes,91.18,6.31,9,4.59,2.21,Improving,140895.0,No,11,1.15,Yes,8.67,6.84,4
481,ECE,2,Male,Yes,76.58,4.2,10,4.76,2.63,Declining,36765.0,Yes,9,4.11,No,8.86,5.62,5
482,MATH,3,Male,No,85.74,4.41,6,4.18,1.47,Declining,97727.0,Yes,17,5.66,Yes,7.31,0.77,5
483,EEE,3,Female,Yes,67.73,7.3,9,4.03,4.33,Declining,124981.0,Yes,18,3.87,Yes,5.87,2.55,1
484,ECE,2,Male,No,55.29,6.13,5,4.13,3.7,Improving,103852.0,Yes,19,0.89,Yes,5.98,1.82,2
485,CIVIL,4,Male,No,57.84,8.96,9,0.42,2.68,Stable,37707.0,No,11,5.34,Yes,6.79,2.31,0
486,CHEM,1,Female,Yes,75.12,8.39,8,9.58,1.88,Stable,134635.0,No,7,5.64,No,8.58,6.35,3
487,ECE,3,Male,Yes,81.49,6.42,6,7.52,3.13,Improving,106454.0,No,14,2.86,No,7.66,8.24,5
488,CIVIL,3,Male,Yes,57.32,9.0,9,5.4,4.38,Improving,73226.0,No,2,2.58,No,8.58,2.51,2
489,BIO,3,Female,Yes,92.21,6.9,10,5.14,2.23,Improving,92361.0,No,3,2.29,No,4.2,2.72,5
490,BIO,2,Female,No,50.32,9.87,9,9.66,2.58,Stable,113330.0,No,20,2.4,Yes,7.36,8.05,2
491,CSE,1,Male,No,97.34,6.4,8,7.83,2.06,Improving,148695.0,No,17,0.64,Yes,7.02,6.6,4
492,CSE,1,Male,No,84.4,4.72,7,9.39,1.72,Declining,99072.0,No,8,1.72,Yes,5.54,5.46,4
493,BIO,4,Male,No,70.86,4.96,8,1.71,2.67,Declining,117233.0,No,11,5.44,Yes,4.42,3.93,2
494,EEE,2,Female,Yes,55.01,4.1,5,6.62,3.41,Improving,37008.0,Yes,3,1.79,Yes,4.12,8.35,3
495,CHEM,2,Female,No,98.73,4.81,8,2.31,4.47,Declining,140073.0,No,20,2.81,No,4.25,0.39,5
496,MATH,4,Male,No,78.7,6.36,10,0.29,3.33,Declining,16526.0,No,9,4.83,Yes,5.53,0.4,4
497,CHEM,3,Male,Yes,79.42,6.39,10,9.74,3.18,Improving,52157.0,No,7,4.4,Yes,5.36,9.04,4
498,BIO,1,Male,No,68.74,7.3,5,0.51,2.7,Improving,127369.0,Yes,11,4.93,No,5.12,2.26,2
499,ECE,2,Female,No,90.87,9.58,9,0.95,2.8,Stable,60556.0,Yes,9,5.29,No,4.42,2.11,0
500,EEE,3,Male,No,87.62,4.31,6,4.93,2.77,Stable,60144.0,Yes,20,2.67,Yes,6.65,1.61,1
